"rank","search","listing_id","title","price","tags"
"1","music lover shirt","1642601242","Peace Love Music Hoodie, Music Lover Shirt, Gift for Student, Gift for Tween, Music Gift, Gift for Teacher, Unique Gift for Teenager","49.18 USD","Music Lover Shirt Gift for Teen Gift for Student Gift for Tween Music Gift Gift for DJ Gift for him Gift for Her Peace Love Music Gift for Teacher Unique Gift for Teen Gift for musician Love Music Hoodie"
"2","music lover shirt","1848233093","Who&#39;s Afraid Of Little Old Me Shirt, Poet Back front Comfort Colors T-Shirt, You Should be Trendy Shirt, Music Lover Shirt, Concert Shirt","1169 TRY","women comfort shirt Music Lover Shirt Concert Shirt You Should be Trendy Shirt Poet Back front Comfort Colors Tee Who's Afraid Of Little Old Me Shirt Poet tshirt Women gift shirt gift for girlfriends cute women tee"
"3","music lover shirt","1739347590","Funny Gen-X T-Shirt or Sweatshirt, Retro Cassette Tape Graphic Tee, Nostalgic Music Lover Shirt, We Used To Rewind Our Music, 90s Vintage","47 USD","funny gen x shirt retro cassette tee nostalgic music tee music lover shirt vintage 90s shirt gen x clothing 90s vintage style classic retro shirt gen x nostalgia bella 3001 t shirt rewind our music tee retro music shirt gen x humor shirt"
"1","introvert tshirt","949334078","No Desire To Fit In Shirt, Sassy Funny Sayings T shirt, Introvert Tshirt, Sarcastic Gift for Bestfriend, Friend, Girlfriend, Book lover tee","40 AUD","introvert shirt homebody shirt no desire to fit in book lover shirt sassy t shirt bestfriend gift gift for friend introvert tshirt gift for girlfriend sarcastic sweatshirt funny sayings hoodie workout tank top lgbtq gifts for her"
"2","introvert tshirt","880958980","Ew People T-shirt, introvert t-shirt, funny social distance shirt, sarcasm t-shirt, introvert gift, antisocial shirt, Hippie gift, Hipster","25.99 USD","Ew People T-shirt introvert t-shirt sarcasm t-shirt introvert gift antisocial shirt Hippie gift Hipster social distance funny t-shirts funny gifts Ew people Ew people t shirt"
"3","introvert tshirt","1567019304","Ew People T-Shirt, Meme Shirt, Mental Health Shirt, Sarcastic Shirt, Funny T-Shirts, Introvert T-Shirt, Sarcasm T-Shirt, Funny Saying Tshirt","19.5 USD","Ew People T-Shirt Meme Shirt Mental Health Shirt Sarcastic Shirt Funny T-Shirts Introvert T-Shirt Sarcasm T-Shirt Funny Saying Tshirt Funny Meme Shirt Funny Shirts Anxiety Shirt Anti-social t-shirt Humorous t-shirt"
"1","sarcastic quote shirt","4517038975","Sarcastic Quote Shirt Women I Wear Heels Bigger Than Your D*ck Edgy Streetwear Oversized Graphic Tee Baddie Aesthetic Top Back Print Lesbian","23.98 EUR","Funny Sarcastic Quote Shirt I Wear Heels Bigger Than Your Sassy Slogan T Shirt For Women Y2K Aesthetic Oversized Baddie Style Streetwear Outfit Girls Night Out Party Top Gift Funny Best Friend Birthday Provocative Sarcastic Sayings Streetwear Fashion Slogan Tee Minimalist Bold Font Graphic lesbian shirt bigger than your Aesthetic Statement T-Shirt Strong Women Quote Shirt"
"2","sarcastic quote shirt","4446424110","It&#39;s Hard To Think Outside The Box When My Face Is Always Buried In It T-Shirt, Humor Cringe T-Shirt, Sarcastic Quote Shirt, Meme Quote Tee","16.65 USD","It's Hard To Think Outside Humor Cringe T-Shirt Sarcastic Quote Shirt Meme Quote Tee Unhinged Edgy Quote T-Shirt Adult Humor T-Shirt Introvert Mindset T-Shirt Funny Philosophy T-Shirt Gen Z Funny Quote T-Shirt Internet Viral T-Shirt Funny Meme T-SHIRT Viral Funny Cringe Tee Y2k T-Shirt"
"3","sarcastic quote shirt","1734096558","Drink The Wine Immediately T Shirt ??? Funny Wine Lover Tee ??? Sarcastic Quote Shirt ??? Gift for Wine Fans","13.59 EUR","drink wine shirt funny wine tee wine lover gift sarcastic quote shirt wine humor tee casual t shirt gift for her foodie shirt wine saying relaxed fit tee everyday wear graphic t shirt humor apparel"
"1","funny music shirt","1693536099","My Brain Is 99% Song Lyrics, Funny Music Shirt, Band Shirt, Music Lover Gift, Gift For Singers, Music Lover Shirt, Funny Musician Gift Ideas","32.94 CAD","Musician Gift Music Enthusiast Tee Lyrics T-shirt Funny Music Shirt Musician Shirt Music Lover Tee Music Lover Band Shirt Singer Shirt Birthday Gift Karaoke Singer shirt Karaoke shirt Mother's Day Gifts"
"2","funny music shirt","721402535","Even Flow Mozzarella Butterflies Shirt, Unisex T-shirt, Misheard Lyrics Shirt, Funny Lyrics Shirt, Funny Music Shirt","19.6 USD","Funny Lyrics Shirt Funny Music Shirt Even Flow Shirt Misheard Lyrics Tee lyrics shirt"
"3","funny music shirt","4512120349","Funny Squirrel Pun T-Shirt, Funny Music Shirt, Music Teacher Gift, Graphic Tee 100% Cotton Unisex, Music Lover Gift, Accordion Lover Gift","24.99 USD","music lover gift classical music gift music pun shirt conductor band director dad jokes music teacher gift funny music shirt father's day gift fathers day shirt fathers day present gifts for him dad shirt"
"1","antisocial tee","953966822","Ew People Shirt, Sarcastic Antisocial Tee, Funny T-Shirt","29.9 USD","Sarcastic Shirt Hipster T shirt sarcasm shirt sarcasm Tshirt sarcastic gift introvert shirt eh people antisocial shirt sarcastic tshirt Ew People shirt Hipster Shirt Funny shirt Antisocial Tee"
"2","antisocial tee","4526422928","Socially Distanced Since Birth Tshirt, Funny Antisocial Tee, Sarcastic Introvert Homebody Gift, Snarky Loner Humor Shirt, Gift For Her","29.99 USD","socially distanced antisocial tee introvert shirt funny antisocial homebody tee sarcastic shirt loner humor introvert gift antisocial gift snarky tee funny introvert social humor dry humor tee"
"3","antisocial tee","1747889565","Antisocial Butterfly Shirts Antisocial Tee Comfort Colors Butterfly Minimalistic T-shirt Ultra Soft Tee Soft Graphic Tee College Font Shirt","38.8 USD","college font shirt soft graphic tee ultra soft tee super soft tee soft custom tee minimalistic t-shirt antisocial butterfly antisocial tee Comfort colors tee pinterest outfits pinterest aesthetic pinterest shirt popular now shirt"
